{
  "results": {
    "sizes": [
      50,
      100,
      150
    ],
    "num_processes": [
      1,
      2,
      4,
      6,
      12
    ],
    "sequential_times": [
      0.03873483339945475,
      0.3236442406972249,
      1.0930249691009521
    ],
    "numpy_times": [
      9.107589721679688e-05,
      0.0005542437235514323,
      0.0019486745198567708
    ],
    "parallel_times": {
      "1": [
        0.04882272084554037,
        0.32516829172770184,
        1.1078574657440186
      ],
      "2": [
        0.029007991154988606,
        0.17225146293640137,
        0.5735005537668864
      ],
      "4": [
        0.0222473939259847,
        0.11868969599405925,
        0.40288956960042316
      ],
      "6": [
        0.020227909088134766,
        0.10133695602416992,
        0.298275629679362
      ],
      "12": [
        0.026517470677693684,
        0.08792845408121745,
        0.263486385345459
      ]
    }
  },
  "metrics": {
    "speedup": {
      "1": [
        0.7933771966949467,
        0.9953130392192324,
        0.9866115478735298
      ],
      "2": [
        1.3353159545759647,
        1.8789056138043991,
        1.9058830229922314
      ],
      "4": [
        1.7410953178750934,
        2.726809922180812,
        2.712964175729319
      ],
      "6": [
        1.9149202831930725,
        3.193743461368944,
        3.664479630051988
      ],
      "12": [
        1.4607288104607288,
        3.6807680071149926,
        4.148316686905393
      ]
    },
    "efficiency": {
      "1": [
        0.7933771966949467,
        0.9953130392192324,
        0.9866115478735298
      ],
      "2": [
        0.6676579772879824,
        0.9394528069021996,
        0.9529415114961157
      ],
      "4": [
        0.43527382946877335,
        0.681702480545203,
        0.6782410439323298
      ],
      "6": [
        0.31915338053217873,
        0.532290576894824,
        0.6107466050086646
      ],
      "12": [
        0.1217274008717274,
        0.3067306672595827,
        0.34569305724211613
      ]
    }
  },
  "timestamp": "20250504_203233",
  "cpu_count": 12
}