{
  "results": {
    "sample_sizes": [
      1000000,
      5000000,
      10000000
    ],
    "num_processes": [
      1,
      2,
      4,
      6,
      12
    ],
    "sequential_times": [
      0.09785350163777669,
      0.4889533519744873,
      0.9884248574574789
    ],
    "parallel_times": {
      "1": [
        0.10451364517211914,
        0.4951264063517253,
        0.9434897104899088
      ],
      "2": [
        0.05917890866597494,
        0.24829936027526855,
        0.4895387490590413
      ],
      "4": [
        0.040824174880981445,
        0.17181658744812012,
        0.36206714312235516
      ],
      "6": [
        0.03197479248046875,
        0.1305247942606608,
        0.28967102368672687
      ],
      "12": [
        0.036697944005330406,
        0.1073290506998698,
        0.245743989944458
      ]
    },
    "sequential_errors": [
      0.0006771154700689527,
      0.00030254641020703116,
      0.00041644880340241386
    ],
    "parallel_errors": {
      "1": [
        0.0008033202564597571,
        0.0003666178632643439,
        0.0003679154700690172
      ],
      "2": [
        0.0003251154700690447,
        0.0002562178632642779,
        0.0005070178632643104
      ],
      "4": [
        0.001726884529931046,
        0.0006234178632643269,
        6.658213673560454e-05
      ],
      "6": [
        0.003070884529931058,
        0.0008134535897930858,
        0.0007236488034022178
      ],
      "12": [
        0.0002091154700689657,
        0.00097738213673552,
        0.00021301786326451597
      ]
    }
  },
  "metrics": {
    "speedup": {
      "1": [
        0.9362748900071934,
        0.9875323668904608,
        1.0476265363235784
      ],
      "2": [
        1.6535198746244844,
        1.9692090685712036,
        2.0190942174799504
      ],
      "4": [
        2.3969498936122577,
        2.8457866567867107,
        2.729949061197899
      ],
      "6": [
        3.060332657281476,
        3.7460572509927657,
        3.4122324175801566
      ],
      "12": [
        2.666457325880801,
        4.555647783951568,
        4.022173065884046
      ]
    },
    "efficiency": {
      "1": [
        0.9362748900071934,
        0.9875323668904608,
        1.0476265363235784
      ],
      "2": [
        0.8267599373122422,
        0.9846045342856018,
        1.0095471087399752
      ],
      "4": [
        0.5992374734030644,
        0.7114466641966777,
        0.6824872652994748
      ],
      "6": [
        0.5100554428802461,
        0.6243428751654609,
        0.5687054029300261
      ],
      "12": [
        0.2222047771567334,
        0.37963731532929734,
        0.33518108882367054
      ]
    }
  },
  "timestamp": "20250504_203302",
  "cpu_count": 12
}