{
  "results": {
    "ranges": [
      [
        1,
        100000
      ],
      [
        1,
        500000
      ],
      [
        1,
        1000000
      ]
    ],
    "num_processes": [
      1,
      2,
      4,
      6,
      12
    ],
    "sequential_times": [
      0.03046719233194987,
      0.3098436196645101,
      0.8622663815816244
    ],
    "parallel_times": {
      "1": [
        0.035125414530436196,
        0.3047444025675456,
        0.8705832163492838
      ],
      "2": [
        0.022972742716471355,
        0.19906202952067056,
        0.5488019784291586
      ],
      "4": [
        0.01903255780537923,
        0.13263018925984701,
        0.33816321690877277
      ],
      "6": [
        0.01788934071858724,
        0.10444529851277669,
        0.2632598082224528
      ],
      "12": [
        0.019856770833333332,
        0.08261934916178386,
        0.18876036008199057
      ]
    },
    "prime_counts": [
      9592,
      41538,
      78498
    ]
  },
  "metrics": {
    "speedup": {
      "1": [
        0.8673831395085752,
        1.0167327670467525,
        0.9904468239089936
      ],
      "2": [
        1.3262322530650652,
        1.5565179377031115,
        1.5711794335175286
      ],
      "4": [
        1.600793369104537,
        2.336147006904056,
        2.5498526701508175
      ],
      "6": [
        1.7030919591292761,
        2.9665635895196107,
        3.2753438035365234
      ],
      "12": [
        1.5343477843237707,
        3.750254907694557,
        4.5680479800265665
      ]
    },
    "efficiency": {
      "1": [
        0.8673831395085752,
        1.0167327670467525,
        0.9904468239089936
      ],
      "2": [
        0.6631161265325326,
        0.7782589688515558,
        0.7855897167587643
      ],
      "4": [
        0.40019834227613427,
        0.584036751726014,
        0.6374631675377044
      ],
      "6": [
        0.28384865985487934,
        0.4944272649199351,
        0.5458906339227539
      ],
      "12": [
        0.12786231536031423,
        0.31252124230787975,
        0.38067066500221386
      ]
    }
  },
  "timestamp": "20250504_203246",
  "cpu_count": 12
}