{
  "results": {
    "ranges": [
      [
        1,
        100000
      ],
      [
        1,
        500000
      ],
      [
        1,
        1000000
      ]
    ],
    "num_processes": [
      1,
      2,
      4,
      6,
      12
    ],
    "sequential_times": [
      0.02885858217875163,
      0.2984894911448161,
      0.804459810256958
    ],
    "parallel_times": {
      "1": [
        0.0347896416982015,
        0.28922009468078613,
        0.8058686256408691
      ],
      "2": [
        0.023824532826741535,
        0.2031245231628418,
        0.5276090304056803
      ],
      "4": [
        0.019951502482096355,
        0.12314152717590332,
        0.3169596195220947
      ],
      "6": [
        0.01995094617207845,
        0.09637983640034993,
        0.26387953758239746
      ],
      "12": [
        0.022442340850830078,
        0.07407538096110027,
        0.19037342071533203
      ]
    },
    "prime_counts": [
      9592,
      41538,
      78498
    ]
  },
  "metrics": {
    "speedup": {
      "1": [
        0.829516510376809,
        1.0320496280670286,
        0.9982518051465389
      ],
      "2": [
        1.2112968757296971,
        1.4694901752730352,
        1.5247271443371737
      ],
      "4": [
        1.4464365380325674,
        2.4239547615682433,
        2.538051413204957
      ],
      "6": [
        1.446476870312021,
        3.097011805508028,
        3.0485873123290665
      ],
      "12": [
        1.285898934098233,
        4.029537037434395,
        4.225693940016331
      ]
    },
    "efficiency": {
      "1": [
        0.829516510376809,
        1.0320496280670286,
        0.9982518051465389
      ],
      "2": [
        0.6056484378648486,
        0.7347450876365176,
        0.7623635721685869
      ],
      "4": [
        0.36160913450814186,
        0.6059886903920608,
        0.6345128533012393
      ],
      "6": [
        0.24107947838533683,
        0.516168634251338,
        0.5080978853881778
      ],
      "12": [
        0.10715824450818608,
        0.3357947531195329,
        0.3521411616680276
      ]
    }
  },
  "timestamp": "20250504_205022",
  "cpu_count": 12
}